"site","date","fragmentation_level","centroid","ID","w","l","h","c","SA_cm","SA_ratio","ratio_c:l","Acropora","Astreopora","Montipora","Leptoseris","Pavona","Danafungia","Herpolitha","Lithophyllon","Astrea","Cyphastrea","Leptastrea","Acanthastrea","Lobophyllia","Pocillopora","Porites","Psammocora","Millepora","Plesiastrea"
"Hilton","23","low","65","65",237,310,118,833,106541.0076,127.9003692,2.687096774,9,0,12,0,13,0,0,1,4,1,0,0,0,9,68,2,0,0
"Hilton","23","low","65","59",99,109,67,298,20336.8355,68.24441444,2.733944954,1,0,3,0,0,0,0,0,0,0,0,0,0,1,29,0,0,0
"Hilton","23","low","65","71",170,193,112,569,59981.18775,105.4150927,2.948186528,9,0,17,0,24,0,0,0,1,0,1,0,0,9,5,4,0,0
"Hilton","23","low","65","48",44,52,41,129,5415.95359,41.98413636,2.480769231,0,0,0,0,0,0,0,0,0,0,0,0,0,0,15,0,0,0
"Hilton","23","low","65","66",117,128,47,382,20005.85627,52.37135149,2.984375,0,0,0,0,0,0,0,0,0,0,0,0,0,1,7,0,0,0
"Hilton","23","low","65","50",106,122,102,316,31747.25892,100.4660092,2.590163934,6,0,1,0,5,0,0,0,1,0,0,0,0,6,53,2,0,0
"Hilton","23","low","65","113",160,210,93,505,53829.79874,106.5936609,2.404761905,2,0,4,0,3,0,0,2,0,0,0,0,0,3,9,2,0,0
"Hilton","23","low","65","50.1",27,29,25,84,1911.199053,22.75236968,2.896551724,0,0,0,0,0,0,0,0,0,0,0,0,0,0,1,0,0,0
"Hilton","23","low","65","50.2",26,27,27,82,1914.931574,23.35282408,3.037037037,0,0,0,0,0,0,0,0,0,0,0,0,0,0,1,0,0,0
"Hilton","23","low","65","50.3",42,50,43,135,5364.667637,39.73827879,2.7,0,0,0,0,0,0,0,0,0,0,0,0,0,0,2,0,0,0
"Hilton","23","low","65","66.1",26,34,26,91,2143.151885,23.55111961,2.676470588,0,0,0,0,0,0,0,0,0,0,0,0,0,0,1,0,0,0
"Hilton","23","low","65","66.2",33,37,28,97,2728.413663,28.1279759,2.621621622,0,0,0,0,0,0,0,0,0,0,0,0,0,0,1,0,0,0
"Hilton","23","low","65","74",317,424,107,1065,157073.7085,147.4870502,2.511792453,2,0,11,0,10,0,0,0,0,0,0,0,0,3,42,13,0,0
"Hilton","23","low","65","74.1",30,34,30,94,2601.545726,27.67601836,2.764705882,0,0,0,0,0,0,0,0,0,0,0,0,0,0,1,0,0,0
"Hilton","23","low","65","74.2",26,37,25,94,2199.117133,23.39486312,2.540540541,1,1,0,0,0,0,0,0,0,0,0,0,0,0,2,0,0,0
"Hilton","23","low","65","61",87,91,69,253,17198.87372,67.97973804,2.78021978,1,0,0,0,2,0,0,0,0,0,0,0,0,1,30,0,0,0
"Hilton","23","low","65","52",332,493,165,1270,230381.5376,181.4027855,2.576064909,9,0,10,0,13,0,0,2,0,0,0,0,0,12,83,15,0,0
"Hilton","23","low","65","46",237,263,122,685,96570.77285,140.9792304,2.604562738,1,0,6,0,3,0,0,0,1,1,0,0,0,4,102,0,0,0
"Hilton","23","low","65","90",204,269,82,701,70175.18063,100.1072477,2.605947955,1,0,3,0,5,0,0,6,3,2,1,0,0,8,8,2,0,0
"Hilton","23","low","65","90.1",107,115,78,307,24756.19928,80.63908561,2.669565217,0,0,0,0,0,0,0,0,0,0,0,0,0,0,1,0,0,0
"Hilton","23","low","65","128",100,110,61,314,19212.33012,61.18576471,2.854545455,1,0,2,0,5,0,0,0,0,0,0,0,0,1,11,2,0,0
"Hilton","23","low","65","128.1",45,63,49,149,7223.651321,48.48088135,2.365079365,0,0,0,0,0,0,0,0,0,0,0,0,0,0,1,0,0,0
"Hilton","23","low","65","71.1",35,44,24,100,2807.578806,28.07578806,2.272727273,0,0,0,0,0,0,0,0,0,0,0,0,0,0,1,0,0,0
"Hilton","23","low","65","71.2",167,193,72,507,44209.57068,87.19836426,2.626943005,0,0,0,0,0,0,0,0,0,0,0,0,0,0,1,0,0,0
"Hilton","23","low","65","134",150,205,111,521,57899.33437,111.13116,2.541463415,0,0,7,0,0,0,0,0,1,1,0,0,0,11,46,6,0,0
"Hilton","23","low","65","160",53,78,34,187,6883.598511,36.81068722,2.397435897,1,0,3,0,1,0,0,0,0,0,0,0,0,0,0,0,0,0
"Hilton","23","low","65","131",54,70,41,164,7370.717282,44.94339806,2.342857143,0,0,10,0,0,0,0,0,0,0,0,0,0,1,4,0,0,0
"Hilton","23","low","65","143",64,97,34,259,9063.946235,34.99593141,2.670103093,1,0,0,0,1,0,0,0,0,0,0,0,0,0,11,2,0,0
"Hilton","23","low","65","143.1",36,27,26,87,2269.618108,26.08756446,3.222222222,0,0,1,0,0,0,0,0,0,0,0,0,0,0,1,0,0,0
"Hilton","23","high","68","68",144,380,120,852,98767.3874,115.9241636,2.242105263,2,0,16,0,16,0,0,0,5,2,1,0,0,13,14,26,0,0
"Hilton","23","high","68","60",34,63,34,112,4724.884254,42.18646656,1.777777778,0,0,0,0,0,0,0,0,1,1,0,0,0,0,2,0,0,0
"Hilton","23","high","68","58",35,55,44,124,5360.6051,43.23068629,2.254545455,0,0,0,0,0,0,0,0,0,0,0,0,0,0,2,0,0,0
"Hilton","23","high","68","58.1",79,85,53,214,12674.20777,59.22526996,2.517647059,1,0,1,0,0,0,0,0,0,0,0,0,0,0,6,0,0,0
"Hilton","23","high","68","72.1",46,52,31,133,4453.442029,33.48452653,2.557692308,0,0,1,0,0,0,0,0,0,0,0,0,0,0,1,0,0,0
"Hilton","23","high","68","72",75,83,44,222,10553.70036,47.53919081,2.674698795,0,0,6,0,0,0,0,0,1,1,0,0,0,1,7,1,0,0
"Hilton","23","high","68","57",78,87,41,214,10643.83751,49.73755847,2.459770115,0,0,1,0,0,0,0,0,0,0,0,0,0,0,1,0,0,0
"Hilton","23","high","68","56",171,208,103,511,59657.09095,116.7457749,2.456730769,4,0,2,0,0,0,0,0,0,0,0,0,0,8,17,0,0,0
"Hilton","23","high","68","51",51,27,42,287,4410.301424,15.36690392,10.62962963,1,0,0,0,0,0,0,0,0,0,0,0,0,2,3,2,0,0
"Hilton","23","high","68","53",54,62,33,48,5774.317188,120.2982747,0.774193548,0,0,4,0,2,0,0,0,0,0,0,0,0,0,0,1,0,0
"Hilton","23","high","68","49",70,90,58,226,13181.13281,58.32359649,2.511111111,0,0,3,0,0,1,0,0,1,1,0,0,0,3,11,3,0,0
"Hilton","23","high","68","45",159,163,98,492,46731.6128,94.98295285,3.018404908,0,0,0,0,4,0,0,0,0,0,0,0,0,0,15,0,0,0
"Hilton","23","high","68","45.1",46,49,44,126,5672.622519,45.02081365,2.571428571,0,0,0,0,0,0,0,0,0,0,0,0,0,0,1,0,0,0
"Hilton","23","high","68","55",89,96,63,305,16782.15532,55.02346006,3.177083333,0,0,1,0,1,0,0,0,0,0,0,0,0,0,11,0,0,0
"Hilton","23","high","68","54",155,158,102,437,46457.9675,106.3111384,2.765822785,0,0,2,0,4,0,0,0,0,0,0,0,0,0,1,0,0,0
"Hilton","23","high","68","47",43,73,40,153,6666.203142,43.56995517,2.095890411,0,0,1,0,0,0,0,0,0,0,0,0,0,2,3,4,0,0
"MRB1/center","23","low","33","33",290,274,122,973,113842.9719,117.0020267,3.551094891,14,0,71,0,25,0,1,0,11,0,3,0,0,52,144,23,0,0
"MRB1/center","23","low","33","38",106,110,64,290,20621.33936,71.10806676,2.636363636,16,0,4,0,1,0,0,0,0,0,0,0,0,15,5,13,0,0
"MRB1/center","23","low","33","83",179,218,105,512,64232.38245,125.453872,2.348623853,13,0,8,0,6,0,0,1,2,0,0,0,0,26,32,12,0,0
"MRB1/center","23","low","33","162",93,102,62,258,17700.72746,68.60747079,2.529411765,3,0,4,0,0,0,0,0,0,0,0,0,0,2,5,4,0,0
"MRB1/center","23","low","33","135",144,164,89,460,41167.68554,89.49496858,2.804878049,17,1,26,0,11,0,0,0,11,0,2,5,0,37,63,10,0,0
"MRB1/center","23","low","33","146",62,101,53,235,12568.75477,53.48406285,2.326732673,0,0,6,0,2,0,0,0,0,0,0,0,0,2,9,1,0,0
"MRB1/center","23","low","33","157",179,204,110,576,63380.31196,110.0352638,2.823529412,17,1,21,0,11,0,0,0,3,0,1,0,0,34,90,6,0,0
"MRB1/center","23","low","33","44",62,65,58,178,10018.06905,56.28128681,2.738461538,0,0,8,0,3,0,0,0,3,1,2,0,0,4,7,0,0,0
"MRB1/center","23","low","33","63",104,130,81,335,27191.47933,81.16859502,2.576923077,2,0,0,0,0,0,0,0,0,0,0,0,0,4,3,6,0,0
"MRB1/center","23","low","33","40",274,265,78,899,83892.49404,93.31756845,3.39245283,19,0,50,0,27,0,0,0,9,0,1,0,1,40,30,26,0,0
"MRB1/center","23","low","33","37",97,115,71,281,21757.98072,77.43053637,2.443478261,1,0,7,0,0,0,0,0,3,0,0,0,0,1,5,3,0,0
"MRB1/center","23","low","33","78",141,221,99,529,54484.38516,102.995057,2.393665158,5,0,15,0,21,0,0,1,4,0,1,0,0,10,40,26,0,0
"MRB1/center","23","low","33","159",74,119,59,282,16808.8117,59.60571525,2.369747899,1,0,5,0,1,0,0,0,0,0,0,0,0,8,0,5,0,0
"MRB1/center","23","low","33","10",110,135,76,381,27426.05697,71.9844015,2.822222222,1,0,0,0,1,0,0,0,1,0,0,0,0,0,5,3,0,0
"MRB1/center","23","low","33","31",161,440,154,1361,141225.9987,103.7663473,3.093181818,27,0,18,0,19,0,0,0,8,0,1,1,0,31,71,27,10,0
"MRB1/center","23","low","33","95",223,460,107,1110,133914.2236,120.6434447,0,17,2,19,0,11,0,0,0,10,0,2,2,0,24,43,24,0,0
"MRB1/center","23","low","33","95.1",84,111,66,289,18557.85525,64.21403201,0,5,0,4,0,12,0,0,0,3,0,0,3,0,10,14,2,0,0
"MRB1/center","23","low","33","144",528,786,132,2429,423780.7851,174.467182,3.090330789,25,0,64,0,24,1,0,0,14,0,2,3,0,81,150,29,5,0
"MRB1/center","23","low","33","115",120,136,97,351,34937.10377,99.53590817,2.580882353,3,0,21,0,4,0,0,1,0,0,0,0,0,6,13,15,0,0
"MRB1/center","23","high","22","22",167,316,93,723,76118.12031,105.280941,2.287974684,15,0,9,0,12,0,0,0,3,0,0,0,0,24,36,27,0,0
"MRB1/center","23","high","22","89",66,91,63,122,13778.33582,112.9371788,1.340659341,1,0,0,0,1,0,0,0,0,0,0,0,0,3,1,6,0,0
"MRB1/center","23","high","22","41",143,144,104,432,42383.18994,98.10923597,3,3,0,5,0,4,0,0,0,0,0,0,0,0,6,57,3,0,0
"MRB1/center","23","high","22","118",59,66,26,181,5457.986326,30.15462059,2.742424242,4,0,1,0,0,0,0,0,0,0,0,0,0,5,0,4,0,0
"MRB1/center","23","high","22","76",68,78,29,216,7243.170355,33.53319609,2.769230769,5,0,0,0,0,0,0,0,0,0,0,0,0,5,2,0,0,0
"MRB1/center","23","high","22","73",63,64,33,179,6500.687349,36.3166891,2.796875,3,0,2,0,0,0,0,0,0,0,0,0,0,1,9,0,0,0
"MRB1/center","23","high","22","62",154,259,71,649,52506.41869,80.9035727,2.505791506,18,0,14,0,9,0,0,0,2,0,1,0,0,16,21,18,0,0
"MRB1/center","23","high","22","75",74,93,38,244,10279.25457,42.12809248,2.623655914,5,0,4,0,0,0,0,0,0,0,0,0,0,3,9,2,0,0
"MRB1/center","23","high","22","75.1",31,33,30,110,2600.759069,23.64326427,3.333333333,0,0,0,0,0,0,0,0,0,0,0,0,0,0,1,0,0,0
"MRB1/center","23","high","22","107",46,52,28,141,4134.345704,29.32160074,2.711538462,3,0,0,0,0,0,0,0,0,0,0,0,0,1,2,1,0,0
"MRB1/center","23","high","22","77",62,87,42,260,9448.577617,36.34068314,2.988505747,0,0,2,0,0,0,0,0,0,0,0,0,0,4,2,3,0,0
"MRB1/center","23","high","22","142",44,59,29,136,4513.628664,33.18844606,2.305084746,0,0,0,0,0,0,0,0,0,0,0,0,0,1,0,0,0,0
"MRB1/center","23","high","22","22.1",49,55,31,139,4800.5989,34.53668273,2.527272727,0,0,1,0,0,0,0,0,0,0,0,0,0,2,0,0,0,0
"MRB1/center","23","high","22","77.1",47,48,20,142,3177.582982,22.37734494,2.958333333,0,0,1,0,1,0,0,0,0,0,0,0,0,0,0,0,0,0
"MRB2/east","23","high","96","96",193,350,101,891,94477.97775,106.0358897,2.545714286,2,0,24,0,1,0,0,0,2,0,1,0,0,11,76,2,0,0
"MRB2/east","23","high","96","21",87,91,69,257,17198.87372,66.92168764,2.824175824,0,0,26,0,1,0,0,0,2,1,0,0,0,3,7,3,0,0
"MRB2/east","23","high","96","70",109,113,55,305,19236.80595,63.07149492,2.699115044,1,0,12,0,0,0,0,0,0,0,0,0,0,4,11,1,0,0
"MRB2/east","23","high","96","19",209,271,81,745,71292.09533,95.69408769,2.749077491,26,0,23,0,6,0,0,0,1,0,0,0,0,38,45,5,0,0
"MRB2/east","23","high","96","2.1",43,55,32,146,4560.165026,31.23400703,2.654545455,0,0,1,0,0,0,0,0,0,0,0,0,0,1,7,0,0,0
"MRB2/east","23","high","96","2",113,121,59,329,21622.0546,65.72053069,2.719008264,3,0,0,0,1,0,0,0,1,0,0,0,0,11,23,1,0,0
"MRB2/east","23","high","96","21.1",44,59,24,154,3965.084695,25.74730321,2.610169492,0,0,0,0,0,0,0,0,1,0,1,0,0,0,1,0,0,0
"MRB2/east","23","high","96","5",80,130,36,334,13587.54061,40.68125932,2.569230769,3,0,10,0,9,0,0,0,2,2,0,0,0,7,13,2,0,0
"MRB2/east","23","high","96","18",41,45,21,122,2858.604382,23.43118346,2.711111111,0,0,0,0,2,0,0,0,1,1,0,0,0,0,2,1,0,0
"MRB2/east","23","high","96","34",35,61,36,141,4886.201142,34.65390881,2.31147541,0,0,1,0,0,0,0,0,0,0,0,0,0,2,2,0,0,0
"MRB2/east","23","high","96","34.1",40,60,15,144,2890.950595,20.0760458,2.4,0,0,0,0,0,0,0,0,0,0,0,0,0,0,1,0,0,0
"MRB2/east","23","high","96","24",122,162,71,410,31592.65024,77.05524448,2.530864198,5,0,4,0,9,0,0,0,1,0,1,0,0,7,27,10,0,0
"MRB2/east","23","high","96","25",55,64,28,189,5339.424059,28.25092095,2.953125,1,0,6,0,0,0,0,0,1,1,0,0,0,2,15,4,0,0
"MRB2/east","23","high","96","43",207,427,76,1121,101000.0257,90.0981496,2.62529274,8,0,18,0,27,0,0,0,2,0,0,0,0,17,74,19,0,0
"MRB2/east","23","high","96","3",201,289,88,755,76469.57015,101.2841989,2.612456747,5,0,28,0,36,0,0,0,5,0,2,0,0,18,77,29,0,0
"MRB2/east","23","high","96","24.1",41,47,36,124,4391.958041,35.41901646,2.638297872,0,0,0,0,0,0,0,0,0,0,0,0,0,0,4,0,0,0
"MRB2/east","23","high","96","16",93,125,41,323,15581.19769,48.23900214,2.584,7,0,7,0,2,0,0,0,0,0,0,0,0,11,24,7,0,0
"MRB2/east","23","high","96","16.5",51,77,40,190,7520.44713,39.58130068,2.467532468,1,0,0,0,0,0,0,0,0,0,0,0,0,0,4,0,0,0
"MRB2/east","23","high","96","81",56,57,42,163,6702.950164,41.12239364,2.859649123,0,0,0,0,0,0,0,0,0,0,0,0,0,1,1,0,0,0
"MRB2/east","23","high","96","79",70,135,39,341,13592.79547,39.86157029,2.525925926,2,0,7,0,1,0,0,0,0,0,0,0,0,1,20,2,0,0
"MRB2/east","23","high","96","85",119,211,46,476,29923.82386,62.86517617,2.255924171,1,0,1,0,0,0,0,0,0,0,0,0,0,2,8,2,0,0
"MRB2/east","23","high","96","36",73,78,47,232,10447.67382,45.03307679,2.974358974,2,0,6,0,2,0,0,0,0,0,0,0,0,6,1,9,0,0
"MRB2/east","23","high","96","36.1",25,30,21,85,1622.799273,19.09175615,2.833333333,0,0,0,0,0,0,0,0,0,0,0,0,0,0,1,0,0,0
"MRB2/east","23","high","96","23.1",56,63,51,84,8343.71103,99.32989321,1.333333333,0,0,0,0,0,0,0,0,0,0,0,0,0,1,2,0,0,0
"MRB2/east","23","high","96","23",53,66,42,170,7139.353986,41.99619992,2.575757576,0,0,1,0,0,0,0,0,0,0,0,0,0,1,10,0,0,0
"MRB2/east","23","high","96","23.2",33,52,26,147,3262.267997,22.1922993,2.826923077,0,0,5,0,0,0,0,0,0,0,0,0,0,1,3,0,0,0
"MRB2/east","23","high","96","17",84,110,39,284,12838.70551,45.20670956,2.581818182,2,0,3,0,2,0,0,0,0,0,0,0,0,1,24,9,0,0
"MRB2/east","23","high","96","20",33,35,25,92,2406.546127,26.15811007,2.628571429,0,0,0,0,0,0,0,0,0,0,0,0,0,2,2,0,0,0
"MRB2/east","23","high","96","39.1",51,54,40,160,5901.990275,36.88743922,2.962962963,0,0,0,0,0,0,0,0,0,0,0,0,0,0,3,0,0,0
"MRB2/east","23","low","100","100",157,244,84,681,55886.02272,82.06464422,2.790983607,13,0,50,0,22,0,0,0,1,0,0,0,0,21,40,20,0,0
"MRB2/east","23","low","100","125",66,88,45,234,10365.10171,44.29530645,2.659090909,3,0,12,0,2,0,0,0,0,0,0,0,0,5,18,1,0,0
"MRB2/east","23","low","100","170",20,34,25,77,1844.735245,23.95760059,2.264705882,1,0,0,0,0,0,0,0,0,0,0,0,0,2,1,0,0,0
"MRB2/east","23","low","100","130",75,93,55,240,13428.45835,55.9519098,2.580645161,1,0,7,0,0,0,0,0,1,0,0,0,0,1,13,4,0,0
"MRB2/east","23","low","100","80",440,650,81,1663,268026.5319,161.1704942,2.558461538,49,0,61,0,35,0,1,0,2,0,2,0,0,41,343,20,0,0
"MRB2/east","23","low","100","103",55,72,37,190,7034.95987,37.02610458,2.638888889,1,0,8,0,3,0,0,0,0,0,0,0,0,0,1,1,0,0
"MRB2/east","23","low","100","163",31,43,29,98,3002.617913,30.63895829,2.279069767,0,0,0,0,0,0,0,0,1,0,0,0,0,0,1,1,0,0
"MRB2/east","23","low","100","168",67,71,51,193,9952.161741,51.56560487,2.718309859,0,0,0,0,0,0,0,0,0,0,0,0,0,3,14,0,0,0
"MRB2/east","23","low","100","99",138,220,90,535,50192.31285,93.8174072,2.431818182,9,0,17,0,12,0,0,0,2,0,0,0,0,16,9,7,0,0
"MRB2/east","23","low","100","114",54,66,26,180,5149.360258,28.60755699,2.727272727,3,0,4,0,6,0,0,0,0,0,0,0,0,13,30,0,0,0
"MRB2/east","23","low","100","170.1",34,36,26,110,2570.877547,23.37161406,3.055555556,1,0,0,0,0,0,0,0,0,0,0,0,0,0,1,0,0,0
"MRB2/east","23","low","100","112",183,310,104,749,84513.22116,112.8347412,2.416129032,26,0,41,0,12,0,0,0,3,1,0,0,0,24,103,9,0,0
"MRB2/east","23","low","100","123",101,110,34,281,13522.89698,48.12418855,2.554545455,2,0,0,0,2,0,0,0,0,0,0,0,0,3,11,8,0,0
"MRB2/east","23","low","100","158",60,64,46,171,8059.447195,47.13127015,2.671875,0,0,1,0,0,0,0,0,0,0,0,0,0,1,7,1,0,0
"MRB2/east","23","low","100","136",375,665,133,1834,285571.8657,155.7098504,2.757894737,32,0,108,0,41,0,0,1,10,0,1,1,0,65,203,21,0,0
"MRB2/east","23","low","100","124",90,115,60,304,18394.68167,60.50882129,2.643478261,7,0,2,0,4,0,0,0,1,0,0,0,0,5,73,2,0,0
"MRB2/east","23","low","100","108",71,82,50,219,11123.52001,50.79232882,2.670731707,1,0,6,0,0,0,0,0,0,0,0,0,0,1,15,0,0,0
"MRB2/east","23","low","100","156",161,107,55,415,24681.41502,59.47328921,3.878504673,5,0,3,0,5,0,0,0,0,0,0,0,0,1,16,4,0,0
"MRB2/east","23","low","100","111",157,164,109,434,50414.83259,116.1632087,2.646341463,13,0,4,0,2,0,0,1,2,0,0,1,0,21,79,3,0,0
"MRB2/east","23","low","100","166",254,420,117,1057,140771.3977,133.1801303,2.516666667,23,0,26,0,27,0,0,1,9,2,1,0,0,30,125,24,0,0
"MRB2/east","23","low","100","110",38,46,26,142,3218.863435,22.66805236,3.086956522,2,0,0,0,0,0,0,0,0,0,0,0,0,2,5,0,0,0
"Hilton","23","high","201","201",100,122,90,350,27754.28324,79.29795212,0,2,0,7,0,9,3,0,0,1,0,1,0,0,5,1,7,0,0
"Hilton","23","high","201","202",46,59,48,186,6863.350744,36.89973518,0,0,0,0,0,0,0,0,0,0,0,0,0,0,1,6,0,0,0
"Hilton","23","high","201","203",55,65,63,81,10084.55393,124.5006658,0,0,0,0,0,0,0,0,0,3,2,1,0,0,4,1,0,0,0
"Hilton","23","high","201","204",38,63,43,170,6005.077976,35.32398809,0,0,0,0,0,0,0,0,0,0,0,0,0,0,1,4,0,0,0
"Hilton","23","high","201","205",78,85,50,81,12043.40466,148.6840081,0,0,0,0,0,0,0,0,0,0,0,0,0,0,0,6,0,0,0
"Hilton","23","high","201","206",62,80,34,210,7677.832571,36.56110748,0,0,0,8,0,0,0,0,0,4,1,3,0,0,0,3,0,0,0
"Hilton","23","high","201","207",52,57,46,167,6911.158546,41.38418291,0,0,0,0,0,0,0,0,0,0,0,0,0,0,0,2,1,0,0
"Hilton","23","high","201","208",67,76,53,240,10711.72448,44.63218533,0,0,0,3,0,1,0,0,0,0,0,0,0,0,1,4,8,0,0
"Hilton","23","high","201","209",72,103,56,281,14315.81224,50.94595104,0,2,0,5,0,13,0,0,0,1,1,0,0,0,0,13,1,0,0
"Hilton","23","high","201","210",70,76,54,240,11146.85102,46.44521259,0,0,0,1,0,0,1,0,0,2,1,1,0,0,0,1,6,0,0
"Hilton","23","high","201","211",62,45,51,135,7392.610573,54.76007832,0,0,0,0,0,0,0,0,0,0,0,0,0,0,1,15,0,0,0
"Hilton","23","high","201","212",41,56,20,141,3254.436264,23.08110826,0,0,0,2,0,0,0,0,0,0,0,0,0,0,0,1,0,0,0
"Hilton","23","high","201","213",111,138,66,376,25300.6756,67.28903085,0,0,0,2,0,2,0,0,0,0,0,0,0,0,2,28,3,0,0
"Hilton","23","high","201","214",98,105,63,321,18841.34632,58.69578293,0,0,0,0,0,0,0,0,0,0,0,0,0,0,0,1,0,0,0
"Hilton","23","high","201","215",21,27,21,75,1382.368925,18.43158567,0,0,0,0,0,0,0,0,0,0,0,0,0,0,0,1,0,0,0
"Hilton","23","high","201","216",34,36,31,106,2966.168771,27.98272425,0,0,0,0,0,0,0,0,0,0,0,0,0,0,0,1,0,0,0
"Hilton","23","high","201","217",42,56,23,150,3606.831409,24.04554273,0,0,0,0,0,0,0,0,0,0,0,0,0,0,0,1,0,0,0
"Hilton","23","high","201","218",41,48,45,120,5368.813722,44.74011435,0,0,0,2,0,0,0,0,0,0,0,0,0,0,0,5,2,0,0
"Hilton","23","high","201","219",201,453,118,1038,132247.075,127.4056599,0,1,0,14,0,8,0,0,0,12,6,1,0,0,8,89,19,0,0
"Hilton","23","high","201","220",129,140,126,450,45920.06443,102.0445876,0,2,0,7,0,0,0,0,0,0,0,0,0,0,3,20,0,0,0
"Hilton","23","high","201","221",373,375,165,1141,202705.2287,177.6557657,0,2,0,7,0,11,0,0,0,2,0,2,0,0,5,33,0,0,0
"Hilton","23","high","201","222",57,61,48,185,7858.783009,42.47990816,0,0,0,0,0,0,0,0,0,1,0,1,0,0,0,5,1,0,0
"Hilton","23","high","201","223",46,49,31,140,4284.018116,30.6001294,0,0,0,9,0,0,0,0,0,13,0,13,0,0,2,0,3,0,0
"Hilton","23","high","201","224",85,101,69,295,18137.34909,61.48253929,0,1,0,4,0,5,0,0,0,2,0,0,0,0,0,11,1,0,0
"Hilton","23","high","201","225",84,86,66,301,15706.69341,52.18170568,0,0,0,2,0,0,0,0,0,0,0,0,0,0,0,5,0,0,0
"Hilton","23","high","201","226",40,43,34,117,3910.489459,33.42298683,0,0,0,0,0,0,0,0,0,0,0,0,0,0,1,3,0,0,0
"Hilton","23","high","201","227",63,67,46,175,8535.921099,48.776692,0,1,0,0,0,1,0,0,0,0,0,0,0,0,1,13,2,0,0
"Hilton","23","high","201","228",66,146,81,386,24290.89958,62.92979167,0,1,0,9,0,6,0,0,0,0,0,0,0,0,1,27,1,0,0
"Hilton","23","high","201","229",34,57,29,126,3856.661916,30.60842791,0,0,0,1,0,0,0,0,0,0,0,0,0,0,0,2,0,0,0
"Hilton","23","high","201","230",98,146,60,400,23004.35876,57.5108969,0,1,0,4,0,0,0,0,0,0,0,0,0,0,0,14,0,0,0
"Hilton","23","low","231","231",135,164,119,461,49594.49604,107.5802517,0,0,0,6,0,12,0,0,0,0,0,0,0,0,2,4,13,0,0
"Hilton","23","low","231","232",96,105,54,281,16657.1935,59.27826868,0,0,0,5,0,2,0,0,0,2,0,2,0,0,5,2,1,0,0
"Hilton","23","low","231","233",52,65,41,179,6863.045551,38.3410366,0,0,0,1,0,0,0,0,0,0,0,0,0,0,0,1,0,0,0
"Hilton","23","low","231","234",463,635,158,1628,343808.1353,211.1843583,0,3,0,18,0,16,3,0,0,1,0,0,0,0,4,3,5,0,0
"Hilton","23","low","231","235",192,209,172,729,94797.40393,130.0375911,0,3,0,11,0,8,0,0,0,1,0,0,0,0,19,57,2,0,0
"Hilton","23","low","231","236",87,91,84,269,20231.59753,75.21039975,0,1,0,1,0,1,0,0,0,0,0,0,0,0,2,3,0,0,0
"Hilton","23","low","231","237",46,72,41,189,6937.796017,36.70791543,0,0,0,1,0,1,0,0,0,1,1,0,0,0,0,7,0,0,0
"Hilton","23","low","231","238",25,30,12,83,1086.774412,13.09366761,0,0,0,1,0,0,0,0,0,1,0,0,0,0,1,0,0,0,0
"Hilton","23","low","231","239",118,195,80,498,38777.28609,77.86603632,0,0,0,5,0,1,1,0,0,0,0,0,0,0,4,26,11,0,0
"Hilton","23","low","231","240",37,49,27,116,3408.785786,29.38608436,0,0,0,0,0,0,0,0,0,0,0,0,0,0,1,0,0,0,0
"Hilton","23","low","231","241",155,343,128,959,97767.54856,101.9473916,0,1,0,7,0,6,0,0,0,8,7,1,0,0,12,29,5,0,0
"Hilton","23","low","231","242",52,74,30,190,6009.849369,31.63078615,0,0,0,1,0,1,0,0,0,1,0,0,0,0,1,1,0,0,0
"Hilton","23","low","301","301",135,136,82,425,32960.33339,77.55372561,0,1,0,7,0,5,1,0,0,0,0,0,0,0,0,10,0,0,0
"Hilton","23","low","301","302",134,177,70,512,35364.04878,69.07040777,0,0,0,2,0,0,0,0,0,0,0,0,0,0,5,19,1,0,0
"Hilton","23","low","301","303",39,74,43,169,6859.669465,40.58976015,0,0,0,1,0,1,0,0,0,0,0,0,0,0,0,6,1,0,0
"Hilton","23","low","301","304",105,115,79,346,24728.75629,71.47039391,0,0,0,0,0,0,0,0,0,0,0,0,0,0,0,1,0,0,0
"Hilton","23","low","301","305",73,92,69,260,15730.67013,60.50257743,0,0,0,0,0,0,0,0,0,0,0,0,0,0,0,1,0,0,0
"Hilton","23","low","301","306",32,52,29,112,3498.374954,31.23549066,0,0,0,0,0,2,0,0,0,0,0,0,0,0,0,0,0,0,0
"Hilton","23","low","301","307",169,221,96,643,58974.75355,91.71812372,0,1,0,13,0,3,0,0,0,1,0,0,0,0,6,29,9,0,0
"Hilton","23","low","301","308",140,201,83,540,44661.28341,82.70608039,0,0,0,4,0,2,0,0,0,1,0,1,0,0,6,13,1,0,0
"Hilton","23","low","301","309",33,35,28,195,2635.823693,13.51704458,0,0,0,0,0,0,0,0,0,0,0,0,0,0,0,1,0,0,0
"Hilton","23","low","301","310",31,36,29,92,2667.173724,28.99101874,0,0,0,0,0,0,0,0,0,1,0,1,0,0,0,3,0,0,0
"Hilton","23","low","301","311",224,284,148,777,112586.0462,144.8983863,0,1,0,5,0,3,0,0,0,1,0,0,0,0,6,22,4,0,0
"Hilton","23","low","301","312",123,139,86,431,32728.30402,75.93574018,0,2,0,3,0,0,0,0,0,0,0,0,0,0,3,9,0,0,0
"Hilton","23","low","301","313",60,79,49,194,9732.648953,50.16829357,0,0,0,3,0,1,0,0,0,1,0,0,0,0,0,2,0,0,0
"Hilton","23","low","301","314",79,95,64,256,15766.14024,61.58648532,0,0,0,0,0,0,0,0,0,0,0,0,0,0,0,2,0,0,0
"Hilton","23","low","301","315",295,429,112,1094,154195.8355,140.9468332,0,5,0,9,1,17,2,0,0,2,2,0,0,0,9,64,4,0,0
"Hilton","23","low","301","316",96,193,71,769,31958.27856,41.5582296,0,1,0,4,0,10,0,0,0,3,1,0,0,0,1,7,2,0,0
"Hilton","23","low","301","317",122,139,59,377,25041.45828,66.42296626,0,1,0,4,0,3,0,0,0,0,0,0,0,0,3,20,9,0,0
"Hilton","23","low","301","318",43,51,31,129,4227.688124,32.77277616,0,0,0,0,0,0,0,0,0,0,0,0,0,0,0,1,0,0,0
"Hilton","23","low","301","319",134,265,86,602,55697.51594,92.52079061,0,1,0,5,0,3,0,0,0,0,0,0,0,0,4,49,1,0,0
"Hilton","23","low","301","320",191,224,108,591,69437.98923,117.4923676,0,1,0,4,0,0,0,0,0,2,2,0,0,0,1,59,0,0,0
"Hilton","23","low","301","321",123,129,75,358,28158.41392,78.65478748,0,2,0,3,0,1,0,0,0,3,3,0,0,0,2,27,1,0,0
"Hilton","23","high","350","358",36,46,32,122,3672.197995,30.09998357,0,0,0,0,0,0,0,0,0,0,0,0,0,0,0,8,0,0,0
"Hilton","23","high","350","351",64,89,75,229,15486.4487,67.62641355,0,1,0,3,0,1,0,0,0,0,0,0,0,0,2,12,3,0,0
"Hilton","23","high","350","352",63,74,68,231,12520.90311,54.20304376,0,0,0,3,0,0,0,0,0,1,0,0,0,0,0,2,0,0,0
"Hilton","23","high","350","353",98,118,89,318,26623.24344,83.72089132,0,0,0,2,0,4,0,0,0,0,0,0,0,0,0,7,8,0,0
"Hilton","23","high","350","354",82,103,55,267,15153.96414,56.75641999,0,0,0,7,0,5,0,0,0,0,0,0,0,0,1,22,0,0,0
"Hilton","23","high","350","355",116,119,92,367,30215.89449,82.33213757,0,0,0,0,0,0,0,0,0,0,0,0,0,0,0,1,0,0,0
"Hilton","23","high","350","356",48,49,38,133,5150.825529,38.7280115,0,0,0,0,0,0,0,0,0,1,0,0,0,0,2,4,0,0,0
"Hilton","23","high","350","357",72,78,57,217,12021.22845,55.39736613,0,0,0,0,0,0,0,0,0,0,0,0,0,0,0,1,0,0,0
"Hilton","23","high","350","350",132,154,64,420,29868.0823,71.11448166,0,0,0,7,0,11,1,0,0,0,0,0,0,0,0,1,11,0,0
"Hilton","23","high","350","359",59,67,49,184,8641.586496,46.965144,0,0,0,2,0,0,0,0,0,2,0,0,0,0,0,7,0,0,0
"Hilton","23","high","350","360",59,66,48,201,8418.735366,41.88425555,0,2,0,0,0,0,0,0,0,0,0,0,0,0,1,13,1,0,0
"Hilton","23","high","350","361",43,59,27,145,4236.111154,29.21455968,0,0,0,1,0,0,0,0,0,0,0,0,0,0,1,0,0,0,0
"Hilton","23","high","350","362",118,168,60,444,28552.74853,64.30799219,0,0,0,0,0,1,0,0,0,0,0,0,0,0,0,5,0,0,0
"Hilton","23","high","350","363",48,48,39,153,5195.683915,33.9587184,0,0,0,0,0,0,0,0,0,0,0,0,0,0,0,1,0,0,0
"Hilton","23","high","350","364",47,70,32,190,5696.587279,29.98203831,0,0,0,2,0,2,0,0,0,0,0,0,0,0,0,3,0,0,0
"Hilton","23","high","350","365",122,280,82,710,54015.32035,76.07791599,0,0,0,4,0,6,0,0,0,1,0,1,0,0,0,21,2,0,0
"Hilton","23","high","350","366",31,61,29,151,3906.339232,25.86979624,0,0,0,1,0,0,0,0,0,0,0,0,0,0,0,2,0,0,0
"Hilton","23","high","350","367",70,91,71,245,15657.97118,63.91008646,0,2,0,5,0,0,0,0,0,0,0,0,0,0,3,16,0,0,0
"Hilton","23","high","350","368",111,121,75,375,25369.43485,67.65182628,0,1,0,1,0,1,0,0,0,0,0,0,0,0,3,5,0,0,0
"Hilton","23","high","350","369",14,15,12,39,481.3367792,12.3419687,0,0,0,0,0,0,0,0,0,0,0,0,0,0,0,1,0,0,0
"Hilton","23","high","350","370",50,51,21,153,3564.892472,23.2999508,0,0,0,1,0,0,0,0,0,0,0,0,0,0,1,1,0,0,0
"Hilton","23","high","350","371",32,41,34,113,3370.241703,29.82514782,0,0,0,0,0,0,0,0,0,0,0,0,0,0,0,2,0,0,0
"MRB1/center","23","high","26","402",55,88,56,206,11222.49164,54.47811475,0,0,0,17,0,1,0,0,0,0,0,0,0,0,0,5,0,0,0
"MRB1/center","23","high","26","403",15,18,15,47,674.2212155,14.34513224,0,0,0,0,0,0,0,0,0,0,0,0,0,0,0,1,0,0,0
"MRB1/center","23","high","26","404",61,63,57,192,9602.56716,50.01337062,0,8,0,6,0,0,0,0,0,0,0,0,0,0,3,31,1,0,0
"MRB1/center","23","high","26","405",68,70,32,196,7119.805062,36.32553603,0,1,0,7,0,1,0,0,0,1,0,0,0,0,2,4,0,0,0
"MRB1/center","23","high","26","406",104,124,58,366,20633.86628,56.37668384,0,5,0,15,0,4,0,0,0,0,0,0,0,0,5,18,2,0,0
"MRB1/center","23","high","26","407",91,103,42,276,13468.35197,48.79837672,0,1,0,5,0,0,0,0,0,0,0,0,0,0,2,18,1,0,0
"MRB1/center","23","high","26","408",27,30,14,84,1260.498648,15.00593629,0,0,0,0,0,0,0,0,0,0,0,0,0,0,0,5,0,0,0
"MRB1/center","23","high","26","409",63,98,49,238,11660.80564,48.99498167,0,0,0,2,0,2,0,0,0,0,0,0,0,0,4,22,2,0,0
"MRB1/center","23","high","26","410",38,39,33,134,3492.496679,26.06340805,0,0,0,0,0,0,0,0,0,0,0,0,0,0,0,6,0,0,0
"MRB1/center","23","high","26","411",67,111,51,273,13616.92188,49.87883473,0,2,0,9,0,0,0,0,0,0,0,0,0,0,3,7,0,0,0
"MRB1/center","23","high","26","412",20,23,13,66,829.1270631,12.56253126,0,0,0,0,0,0,0,0,0,0,0,0,0,0,0,1,0,0,0
"MRB1/center","23","high","26","413",23,30,6,81,727.5331999,8.981891357,0,0,0,0,0,0,0,0,0,0,0,0,0,0,0,2,0,0,0
"MRB1/center","23","high","26","414",88,212,49,493,26020.19407,52.77929832,0,5,0,0,0,1,0,0,0,0,0,0,0,0,6,36,4,0,0
"MRB1/center","23","high","26","401",50,92,33,230,7446.599844,32.37652106,0,1,0,2,0,0,0,0,0,2,0,0,0,0,2,14,0,0,0
"MRB1/center","23","high","26","415",54,57,26,140,4635.8319,33.113085,0,0,0,0,0,0,0,0,0,0,0,0,0,0,0,0,1,0,0
"MRB1/center","23","high","26","416",171,190,145,474,72807.6935,153.6027289,0,13,0,12,0,20,1,0,0,1,0,0,0,0,38,81,15,0,0
"MRB1/center","23","high","26","417",39,61,33,140,4785.467808,34.18191292,0,0,0,3,0,0,0,0,0,0,0,0,0,0,2,4,1,0,0
"MRB1/center","23","high","26","418",90,103,31,287,11285.22158,39.32132954,0,4,0,14,0,1,0,0,0,0,0,0,0,0,1,23,0,0,0
"MRB1/center","23","high","26","419",142,165,100,490,44674.68071,91.17281778,0,13,0,18,0,22,3,0,0,2,0,1,0,0,16,47,5,0,0
"MRB1/center","23","high","26","420",135,149,65,419,29892.68449,71.34292241,0,8,0,9,0,1,0,0,0,2,0,1,0,0,7,48,0,0,0
"MRB1/center","23","high","26","421",25,40,23,100,2135.993795,21.35993795,0,0,0,0,0,0,0,0,0,0,0,0,0,0,0,3,0,0,0
"MRB1/center","23","high","26","422",34,46,18,149,2338.093965,15.69190581,0,2,0,0,0,0,0,0,0,0,0,0,0,0,0,7,0,0,0
"MRB1/center","23","high","26","423",41,94,34,237,7069.622967,29.82963277,0,0,0,1,0,0,0,0,0,0,0,0,0,0,1,11,0,0,0
"MRB1/center","23","high","26","424",71,78,44,232,9787.664355,42.18820843,0,4,0,1,0,7,0,0,0,0,0,0,0,0,6,12,0,0,0
"MRB1/center","23","high","26","425",46,61,24,97,4176.430976,43.05598945,0,0,0,0,0,0,0,0,0,0,0,0,0,0,0,7,0,0,0
"MRB1/center","23","high","26","426",45,47,26,123,3616.232012,29.40026026,0,1,0,0,0,0,0,0,0,0,0,0,0,0,0,6,0,0,0
"MRB1/center","23","high","26","427",63,90,22,200,6655.330903,33.27665451,0,0,0,2,0,0,0,0,0,0,0,0,0,0,0,13,0,0,0
"MRB1/center","23","high","26","428",45,82,29,202,5888.184415,29.14942779,0,0,0,0,0,0,0,0,0,0,0,0,0,0,0,4,0,0,0
"MRB1/center","23","high","26","429",89,143,34,349,15299.41358,43.83786125,0,2,0,14,0,0,0,0,0,1,0,0,0,0,6,20,0,0,0
"MRB1/center","23","high","26","430",44,130,38,280,10458.31427,37.3511224,0,0,0,4,0,1,0,0,0,0,0,0,0,0,4,6,2,0,0
"MRB1/center","23","high","26","431",15,18,13,49,599.0873813,12.22627309,0,0,0,0,0,0,0,0,0,0,0,0,0,0,0,1,0,0,0
"MRB1/center","23","high","26","432",42,47,36,138,4450.74401,32.25176819,0,3,0,2,0,0,0,0,0,0,0,0,0,0,4,1,1,0,0
"MRB1/center","23","high","26","433",99,105,73,293,21204.39192,72.3699383,0,1,0,1,0,0,0,0,0,0,0,0,0,0,1,8,0,0,0
"MRB1/center","23","high","26","434",43,67,27,148,4664.16097,31.51460115,0,0,0,5,0,0,0,0,0,0,0,0,0,0,1,2,0,0,0
"MRB1/center","23","high","26","435",33,37,30,107,2887.053532,26.98180871,0,0,0,0,0,0,0,0,0,0,0,0,0,0,0,3,0,0,0
"MRB1/center","23","high","26","436",28,35,24,90,2125.710709,23.61900787,0,1,0,0,0,0,0,0,0,0,0,0,0,0,0,9,1,0,0
"MRB1/center","23","high","26","437",97,118,39,292,14901.55436,51.03272043,0,5,0,7,0,1,0,0,0,0,0,0,0,0,7,21,2,0,0
"MRB1/center","23","high","26","438",80,85,47,245,11696.88565,47.7423904,0,0,0,4,0,0,0,0,0,0,0,0,0,0,3,9,0,0,0
"MRB1/center","23","high","26","439",138,160,36,459,23716.44216,51.66980862,0,1,0,7,0,0,0,0,0,2,0,0,0,0,8,14,0,0,0
"MRB1/center","23","high","26","440",33,71,26,152,4181.462092,27.50961903,0,0,0,3,0,1,0,0,0,0,0,0,0,0,0,10,1,0,0
"MRB1/center","23","high","26","441",29,30,24,86,1964.592057,22.84409369,0,0,0,0,0,0,0,0,0,0,0,0,0,0,0,1,1,0,0
"MRB1/center","23","high","26","442",56,84,42,227,8725.292785,38.43741315,0,1,0,5,0,2,0,0,0,0,0,0,0,0,4,6,0,0,0
"MRB1/center","23","high","26","443",73,150,25,365,12147.8286,33.2817222,0,1,0,9,0,0,0,0,0,0,0,0,0,0,6,29,0,0,0
"MRB1/center","23","high","26","444",23,28,25,70,1717.293378,24.53276254,0,0,0,0,0,0,0,0,0,0,0,0,0,0,0,1,0,0,0
"MRB1/center","23","high","26","445",34,39,27,98,2786.963498,28.43840304,0,0,0,0,0,0,0,0,0,0,0,0,0,0,0,1,0,0,0
"MRB1/center","23","high","26","446",40,50,23,119,3223.333653,27.08683742,0,0,0,0,0,0,0,0,0,0,0,0,0,0,2,5,0,0,0
"MRB1/center","23","high","26","447",67,75,51,213,10303.94596,48.37533315,0,1,0,8,0,2,0,0,0,0,0,0,0,0,5,3,2,0,0
"MRB1/center","23","high","26","448",33,74,24,175,4089.358633,23.36776362,0,1,0,0,0,2,0,0,0,0,0,0,0,0,1,3,1,0,0
"MRB1/center","23","high","26","449",31,50,30,140,3440.955216,24.57825155,0,0,0,0,0,0,0,0,0,1,0,0,0,0,0,2,0,0,0
"MRB1/center","23","high","26","450",32,61,30,128,4065.182161,31.75923563,0,0,0,0,0,0,0,0,0,1,0,0,0,0,1,6,2,0,0
"MRB1/center","23","high","26","451",84,126,47,315,16006.62638,50.81468694,0,0,0,8,0,0,0,0,0,0,0,0,0,0,3,6,0,0,0
"MRB1/center","23","high","26","452",25,39,34,84,2914.486256,34.69626495,0,0,0,0,0,0,0,0,0,0,0,0,0,0,0,4,0,0,0
"MRB1/center","23","low","21","460",115,145,100,370,36485.8912,98.61051674,0,15,0,46,0,11,0,0,0,3,0,1,0,0,32,9,7,0,0
"MRB1/center","23","low","21","461",135,244,74,590,47413.63283,80.36208955,0,2,0,27,0,10,0,0,0,1,0,0,0,0,19,24,6,0,0
"MRB1/center","23","low","21","462",42,66,33,141,5262.444851,37.32230391,0,0,0,0,0,0,0,0,0,0,0,0,0,0,0,1,1,0,0
"MRB1/center","23","low","21","463",63,87,55,165,11693.66632,70.87070497,0,1,0,9,0,4,0,0,0,0,0,0,0,0,5,2,2,0,0
"MRB1/center","23","low","21","464",161,205,116,570,62188.58521,109.1027811,0,10,0,7,0,8,0,0,0,1,0,1,0,0,27,64,6,0,0
"MRB1/center","23","low","21","465",95,136,92,343,29655.59579,86.45946295,0,3,0,0,0,1,0,0,0,3,0,0,0,0,7,20,1,0,0
"MRB1/center","23","low","21","466",108,425,130,900,105823.0264,117.5811405,0,8,0,21,0,7,1,0,0,5,0,1,0,0,22,67,3,0,0
"MRB1/center","23","low","21","467",103,110,82,270,24492.35754,90.71243532,0,4,0,30,0,2,0,0,0,1,0,0,1,0,6,4,4,0,0
"MRB1/center","23","low","21","468",94,124,38,276,14950.04567,54.16683215,0,4,0,26,0,16,0,0,0,0,0,0,0,0,13,27,7,0,0
"MRB2/east","23","low","601","601",115,130,85,355,29858.47373,84.1083767,0,6,0,21,0,3,0,0,0,1,0,1,0,0,5,9,7,0,0
"MRB2/east","23","low","601","602",55,63,38,140,6543.605703,46.74004074,0,0,0,2,0,0,0,0,0,0,0,0,0,0,1,0,0,0,0
"MRB2/east","23","low","601","603",75,100,55,275,14125.77349,51.36644905,0,3,0,7,0,1,0,0,0,0,0,0,0,0,5,3,1,0,0
"MRB2/east","23","low","601","604",175,285,121,600,85500.59522,142.500992,0,19,0,16,0,5,0,0,0,8,0,0,0,0,14,54,7,0,0
"MRB2/east","23","low","601","605",143,326,87,708,69138.30703,97.65297603,0,8,0,16,0,10,0,0,0,1,0,0,0,0,12,17,9,0,0
"MRB2/east","23","low","601","606",84,76,44,215,10727.34632,49.89463404,0,0,0,6,0,3,0,0,0,0,0,0,0,0,1,8,6,0,0
"MRB2/east","23","low","601","607",55,74,43,173,8026.513341,46.39603087,0,2,0,10,0,0,0,0,0,0,0,0,0,0,3,0,2,0,0
"MRB2/east","23","low","601","608",150,177,98,492,47638.78069,96.82679002,0,6,0,12,0,3,0,0,0,3,0,0,0,0,3,10,5,0,0
"MRB2/east","23","low","601","609",98,149,55,335,22060.96757,65.85363453,0,5,0,8,0,1,0,0,0,4,1,0,0,0,3,4,7,0,0
"MRB2/east","23","low","601","610",54,60,33,164,5647.527993,34.4361463,0,1,0,0,0,0,0,0,0,0,0,0,0,0,2,1,0,0,0
"MRB2/east","23","low","601","611",105,143,76,346,27835.42167,80.44919557,0,0,0,0,0,0,0,0,0,0,0,0,0,0,2,16,0,0,0
"MRB2/east","23","low","601","612",44,71,51,190,8054.485955,42.39203134,0,0,0,2,0,0,0,0,0,0,0,0,0,0,1,1,0,0,0
"MRB2/east","23","low","601","613",63,70,47,195,8925.565984,45.77213325,0,0,0,10,0,0,0,0,0,0,0,0,0,0,0,2,2,0,0
"MRB2/east","23","low","601","614",133,142,80,372,32984.10521,88.66694948,0,6,0,8,0,18,0,0,0,1,0,0,0,0,2,14,7,0,0
"MRB2/east","23","low","601","615",63,71,44,225,8563.388727,38.05950545,0,0,0,0,0,0,0,0,0,0,0,0,0,0,0,5,2,0,0
"MRB2/east","23","low","601","616",101,104,56,284,17531.59372,61.7309638,0,4,0,2,0,1,0,0,0,0,0,0,0,0,4,9,1,0,0
"MRB2/east","23","low","601","617",130,145,106,372,40869.97539,109.8655252,0,12,0,25,6,8,0,0,0,1,0,0,0,0,11,17,13,0,0
"MRB2/east","23","low","601","618",80,115,46,235,14302.48937,60.86165688,0,1,0,0,0,0,0,0,0,0,0,0,0,0,3,14,2,0,0
"MRB2/east","23","low","601","619",58,66,40,178,7235.267443,40.6475699,0,3,0,1,0,0,0,0,0,0,0,0,0,0,3,5,2,0,0
"MRB2/east","23","high","12.1","12.1",95,99,73,300,19950.71976,66.50239919,0,0,0,0,0,0,0,0,0,0,0,0,0,0,0,1,0,0,0
"MRB2/east","23","high","12.1","12",73,125,48,325,14941.99527,45.97537007,0,6,0,0,0,5,0,0,0,0,0,0,0,0,2,7,0,0,0
"MRB2/east","23","high","12.1","660",147,165,70,500,35620.46993,71.24093987,0,8,0,10,0,6,0,0,0,2,0,0,0,0,5,65,5,0,0
"MRB2/east","23","high","12.1","661",38,48,24,125,3128.638866,25.02911093,0,2,0,2,0,0,0,0,0,0,0,0,0,0,2,0,0,0,0
"MRB2/east","23","high","12.1","662",62,86,38,212,8730.424154,41.18124601,0,4,0,0,0,0,0,0,0,1,0,0,0,0,3,6,1,0,0
"MRB2/east","23","high","12.1","663",99,114,83,362,24736.20133,68.33204786,0,6,0,2,0,3,0,0,0,1,0,0,0,0,3,48,8,0,0
"MRB2/east","23","high","12.1","664",49,49,37,150,5104.539067,34.03026045,0,0,0,2,0,1,0,0,0,0,0,0,0,0,0,0,0,0,0
"MRB2/east","23","high","12.1","665",33,45,39,82,4092.860463,49.91293247,0,1,0,1,0,0,0,0,0,0,0,0,0,0,0,0,0,0,0
"MRB2/east","23","high","12.1","666",80,119,53,302,16171.77331,53.54891826,0,2,0,3,0,3,0,0,0,0,0,0,0,0,4,26,4,0,0
"MRB2/east","23","high","12.1","667",124,151,84,417,34162.30886,81.92400206,0,1,0,6,0,0,0,0,0,0,0,0,0,0,5,35,1,0,0
"MRB2/east","23","high","12.1","668",148,152,69,406,33473.01553,82.44585105,0,6,0,8,0,7,0,0,0,0,0,0,0,0,11,12,8,0,0
"MRB2/east","23","high","12.1","669",44,86,51,203,9317.089369,45.89699197,0,3,0,7,0,1,0,0,0,1,0,1,0,0,2,5,3,0,0
"MRB2/east","23","high","12.1","670",74,78,45,206,10205.38148,49.5406868,0,3,0,1,0,3,0,0,0,2,0,0,0,0,8,15,12,0,0
"MRB2/east","23","high","12.1","671",68,93,49,244,11671.06955,47.83225226,0,2,0,1,0,2,0,0,0,2,0,0,0,0,7,11,5,1,0
"spur","4/2/24","AD","4002","A1",49,63,47,170,7270.088309,42.76522535,0,0,0,6,0,0,0,0,0,2,2,0,0,0,0,1,0,0,0
"spur","4/2/24","AD","4002","A2",177,195,106,550,59463.42462,108.1153175,0,5,0,9,0,0,0,0,0,6,3,1,0,0,4,18,4,0,0
"spur","4/2/24","AD","4002","A3",77,82,46,222,10982.85252,49.47230865,0,1,0,3,0,3,0,0,0,0,0,0,0,0,3,2,1,0,0
"spur","4/2/24","LM","4002","L1",111,133,69,360,25433.50533,70.64862593,0,0,0,0,0,1,0,0,0,1,0,1,0,0,2,6,4,0,0
"spur","4/2/24","LM","4002","L2",37,45,28,28,3303.997163,117.9998987,0,0,0,0,0,0,0,0,0,0,0,0,0,0,0,1,0,0,0
"spur","4/2/24","LM","4002","L3",92,59,43,213,9763.128428,45.8362837,0,0,0,4,0,1,0,0,0,0,0,0,0,0,0,2,0,0,0
"spur","4/2/24","LM","4002","L4",80,62,50,205,10147.75916,49.50126421,0,0,3,2,0,0,0,0,0,0,0,0,0,0,0,2,0,0,0
"spur","4/3/24","AD","4002","A4",55,92,69,165,13828.06377,83.80644711,0,0,0,7,0,0,0,0,0,0,0,0,0,0,1,1,0,0,0
"spur","4/3/24","AD","4002","A5",142,203,67,586,39654.58949,67.66994793,0,2,0,19,0,6,0,0,0,0,0,0,0,0,3,8,3,0,0
"spur","4/3/24","AD","4002","A6",50,73,37,151,6749.985981,44.70189392,0,0,0,1,0,0,0,0,0,0,0,0,0,0,0,0,0,0,0
"spur","4/3/24","AD","4002","A7",55,57,41,64,6506.341799,101.6615906,0,0,0,0,0,0,0,0,0,0,0,0,0,0,0,1,0,0,0
"spur","4/3/24","AD","4002","A8",116,164,98,455,39277.62738,86.32445578,0,1,0,7,0,6,0,0,0,0,0,0,0,0,0,11,6,0,0
"spur","4/3/24","AD/LM","4002","AL9",285,290,134,840,124005.8385,147.6259982,0,10,1,55,0,9,0,0,0,5,1,2,0,0,9,34,8,0,0
"spur","4/3/24","AD","4002","A10",45,52,39,140,5261.607649,37.58291178,0,0,0,0,0,0,0,0,0,0,0,0,0,0,0,1,0,0,0
"spur","4/3/24","LM","4002","L5",60,75,44,179,8641.739517,48.2778744,0,1,0,0,0,0,0,0,0,0,0,0,0,0,0,10,0,0,0
"spur","4/3/24","LM","4002","L6",57,80,29,198,6591.390498,33.289851,0,1,0,1,0,0,0,0,0,0,0,0,0,0,0,1,1,0,0
"spur","4/3/24","LM","4002","L7",202,180,75,582,49268.51707,84.6538094,0,5,2,11,0,1,0,0,0,0,0,0,0,0,3,17,1,1,0
"spur","4/3/24","AD","4003","A11",64,77,45,227,9279.321599,40.87806872,0,1,0,16,0,0,0,0,0,2,2,0,0,0,2,0,0,0,0
"spur","4/3/24","AD","4003","A12",70,110,60,282,15626.53116,55.41323108,0,0,0,0,0,0,0,0,0,1,0,1,0,0,0,0,5,0,0
"spur","4/3/24","AD","4003","A13",65,90,35,230,8791.696535,38.22476754,0,2,0,0,0,0,0,0,0,0,0,0,0,0,0,2,2,0,0
"spur","4/3/24","AD","4003","A14",172,195,202,594,98261.04166,165.4226291,0,0,0,20,0,8,1,0,0,5,1,3,0,0,2,25,10,0,0
"spur","4/3/24","AD","4003","A15",122,205,114,533,53434.73296,100.2527823,0,2,0,0,0,0,0,0,0,8,7,1,0,0,5,23,0,0,0
"spur","4/3/24","AD","4003","A16",93,98,70,299,18939.32152,63.34221243,0,2,0,7,0,1,0,0,0,1,0,1,0,0,0,12,3,0,0
"spur","4/3/24","AD","4003","A17",145,170,87,505,41691.70325,82.55782823,0,2,0,2,0,0,0,0,0,0,0,0,0,0,1,70,2,0,0
"spur","4/3/24","AD","4003","A18",57,70,43,169,7873.836056,46.59074589,0,0,0,2,0,1,0,0,0,0,0,0,0,0,1,0,0,0,0
"spur","4/3/24","AD","4003","A19",60,90,43,235,9685.883122,41.21652392,0,0,0,2,0,0,0,0,0,0,0,0,0,0,0,1,1,0,0
"spur","4/3/24","AD","4003","A20",155,255,104,649,66190.54567,101.9885141,0,4,0,59,0,4,0,0,0,1,0,0,0,0,9,5,2,0,0
"spur","4/3/24","LM","4003","L8",145,150,93,452,40256.19488,89.06237805,0,2,0,12,0,16,0,0,0,0,0,0,0,0,3,16,1,0,0
"spur","4/3/24","LM","4003","L9",62,116,52,250,13794.57068,55.17828273,0,3,0,4,0,5,0,0,0,0,0,0,0,0,4,3,1,0,0
"spur","4/3/24","LM","4003","L10",112,146,42,322,20212.74163,62.77248952,0,0,0,12,0,1,0,0,0,4,3,1,0,0,0,4,0,0,0
"spur","4/3/24","LM","4003","L11",93,124,70,350,22151.15747,63.28902135,0,0,0,1,0,1,0,0,0,3,3,0,0,0,0,4,0,0,0
"spur","4/3/24","LM","4003","L12",70,150,42,403,15568.76619,38.63217418,0,0,0,6,0,9,0,0,0,0,0,0,0,0,1,1,2,0,0
"spur","4/3/24","LM","4003","L13",75,135,76,335,22721.05161,67.82403467,0,0,1,6,0,7,0,0,0,3,0,3,0,0,1,12,6,0,0
"spur","4/4/24","AD","4004","A21",77,79,49,217,11226.8523,51.73664653,0,0,0,0,0,0,0,0,0,0,0,0,0,0,0,5,0,0,0
"spur","4/4/24","AD","4004","A22",22,31,16,68,1256.920472,18.48412458,0,0,0,0,0,0,0,0,0,0,0,0,0,0,0,1,0,0,0
"spur","4/4/24","AD","4004","A23",42,46,43,140,5094.568093,36.38977209,0,0,0,0,0,0,0,0,0,0,0,0,0,0,0,1,0,0,0
"spur","4/4/24","AD","4004","A24",55,74,35,215,6895.740669,32.07321242,0,1,0,2,0,1,0,0,0,2,2,0,0,0,2,5,0,0,0
"spur","4/4/24","AD","4004","A25",62,93,61,261,13228.72978,50.68478844,0,0,0,2,0,0,0,0,0,0,0,0,0,0,1,13,0,0,0
"spur","4/4/24","AD","4004","A26",89,92,56,254,14945.32481,58.83986146,0,0,0,3,0,4,0,0,0,0,0,0,0,0,1,11,0,0,0
"spur","4/4/24","AD","4004","A27",105,155,95,517,35047.13119,67.78942202,0,2,0,12,0,9,0,0,0,1,1,0,0,0,1,6,6,0,0
"spur","4/4/24","AD","4004","A28",61,62,43,184,7569.970575,41.14114443,0,1,0,0,0,0,0,0,0,0,0,0,0,0,0,2,0,0,0
"spur","4/4/24","AD","4004","A29",75,122,53,301,15936.05893,52.94371739,0,0,0,7,0,0,0,0,0,0,0,0,0,0,2,10,0,0,0
"spur","4/4/24","AD","4004","A30",190,203,139,601,77983.03665,129.7554686,0,4,0,5,0,8,0,0,0,1,0,0,0,0,8,10,5,0,0
"spur","4/4/24","AD","4004","A31",130,165,57,480,29033.65761,60.48678669,0,0,0,3,0,2,0,0,0,0,0,0,0,0,4,1,0,0,0
"spur","4/4/24","LM","4004","L14",92,125,45,384,16347.16737,42.57074836,0,1,0,0,0,1,0,0,0,1,0,1,0,0,2,15,0,0,0
"spur","4/4/24","LM","4004","L15",32,35,26,120,2439.024621,20.32520517,0,0,0,0,0,0,0,0,0,0,0,0,0,0,0,1,0,0,0
"spur","4/4/24","LM","4004","L16",31,50,22,123,2713.033008,22.05717893,0,0,0,0,0,0,0,0,0,0,0,0,0,0,0,2,0,0,0
"spur","4/4/24","LM","4004","L17",39,46,33,134,3927.885833,29.31258084,0,0,0,2,0,0,0,0,0,0,0,0,0,0,0,2,0,0,0
"spur","4/4/24","LM","4004","L18",51,52,41,165,5883.033152,35.65474637,0,1,0,0,0,0,0,0,0,0,0,0,0,0,0,2,0,0,0
"spur","4/4/24","LM","4004","L19",52,80,57,180,10366.06465,57.58924806,0,0,0,0,0,7,0,0,0,0,0,0,0,0,1,3,1,0,0
"spur","4/4/24","LM","4004","L20",85,57,56,205,11120.96006,54.24858566,0,0,0,2,0,0,0,0,0,0,0,0,0,0,0,7,0,0,0
"spur","4/4/24","LM","4004","L21",36,57,43,150,5456.163292,36.37442195,0,0,0,0,0,0,0,0,0,0,0,0,0,0,0,8,1,0,0
"spur","4/4/24","LM","4004","L22",58,92,40,295,9185.406633,31.13697164,0,3,0,1,0,0,0,0,0,0,0,0,0,0,1,18,1,0,0
"spur","4/4/24","LM","4004","L23",76,85,55,242,12741.10648,52.64920035,0,0,0,1,0,0,0,0,0,0,0,0,0,0,4,10,1,0,0
"spur","4/5/24","AD/LM","4004","AL32",250,485,169,1255,197623.9224,157.4692609,0,8,0,47,2,30,0,0,1,5,4,1,0,0,22,93,7,0,0
"spur","4/5/24","AD","4004","A33",112,115,77,425,25191.29459,59.27363434,0,0,0,9,0,1,0,0,0,0,0,0,0,0,1,31,0,0,0
"spur","4/5/24","AD","4004","A34",118,119,71,375,25025.77969,66.7354125,0,1,0,0,0,0,0,0,0,0,0,0,0,0,0,8,0,0,0
"spur","4/5/24","AD","4004","A35",64,95,40,264,9922.524728,37.58532094,0,3,0,1,0,1,0,0,0,2,2,0,0,0,0,6,2,0,0
"spur","4/5/24","LM","4004","L24",64,85,44,270,9778.167644,36.21543572,0,0,0,1,0,0,0,0,0,0,0,0,0,0,1,8,0,0,0
"spur","4/5/24","LM","4004","L25",55,56,41,190,6435.967361,33.87351243,0,0,0,0,0,0,0,0,0,0,0,0,0,0,0,1,0,0,0
"spur","4/7/24","AD","4005","A36",149,190,110,516,54307.11699,105.2463508,0,1,0,27,0,2,0,0,0,1,0,1,0,0,1,7,2,0,0
"spur","4/7/24","AD","4005","A37",72,92,59,251,13765.45542,54.84245188,0,0,0,1,0,2,0,0,0,0,0,0,0,0,0,8,2,0,0
"spur","4/7/24","AD","4005","A38",39,53,29,42,3912.42706,93.15302524,0,0,0,2,0,0,0,0,0,1,0,1,0,0,0,0,0,0,0
"spur","4/7/24","AD","4005","A39",95,101,85,320,22853.24029,71.41637591,0,0,0,0,0,0,0,0,0,0,0,0,0,0,0,13,0,0,0
"spur","4/7/24","AD","4005","A40",104,153,73,405,28250.11187,69.75336264,0,1,0,7,0,4,0,0,0,1,1,0,0,0,1,2,1,0,0
"spur","4/7/24","AD","4005","A41",199,209,108,610,67944.25906,111.3840312,0,6,0,15,0,3,0,0,0,0,0,0,0,0,13,39,1,0,0
"spur","4/7/24","AD","4005","A42",274,341,132,967,134416.1416,139.0032488,0,5,1,71,0,17,1,0,0,12,1,10,0,0,27,57,17,0,0
"spur","4/7/24","LM","4005","L26",91,104,53,303,15801.02353,52.14859251,0,0,0,4,0,1,0,0,0,4,4,0,0,0,4,14,0,0,0
"spur","4/7/24","LM","4005","L27",71,82,34,241,8511.75903,35.3185022,0,0,0,0,0,0,0,0,0,0,0,0,0,0,0,19,0,0,0
"spur","4/7/24","LM","4005","L28",261,273,141,839,116191.3719,138.4879283,0,8,0,33,0,6,1,0,0,1,0,1,0,0,18,111,1,0,0
"spur","4/7/24","LM","4005","L29",230,263,100,810,83614.41379,103.2276713,0,1,0,0,0,0,0,0,0,0,0,0,0,0,4,16,0,0,0
"spur","4/7/24","LM","4005","L30",33,35,39,115,3496.312859,30.40272051,0,0,0,0,0,0,0,0,0,0,0,0,0,0,0,1,0,0,0
"spur","4/7/24","LM","4005","L31",45,58,36,163,5308.296225,32.56623451,0,0,0,1,0,0,0,0,0,0,0,0,0,0,2,2,3,0,0
"spur","4/7/24","LM","4005","L32",122,144,45,420,21992.90977,52.36407089,0,3,0,1,0,1,2,0,0,1,1,0,0,0,6,38,2,0,0
"hilton","4/10/24","AD","5001","A43",195,410,117,132,118873.7947,900.559051,0,4,0,24,0,6,0,0,0,0,0,0,0,0,4,101,3,0,0
"hilton","4/10/24","AD","5001","A44",27,30,19,88,1567.292073,17.81013719,0,0,0,0,0,0,0,0,0,0,0,0,0,0,0,2,0,0,0
"hilton","4/10/24","AD","5001","A45",19,20,19,57,997.9147137,17.50727568,0,0,0,0,0,0,0,0,0,0,0,0,0,0,0,1,0,0,0
"hilton","4/10/24","AD","5001","A46",30,37,31,114,2821.915788,24.75364727,0,0,0,0,0,0,0,0,0,0,0,0,0,0,0,1,0,0,0
"hilton","4/10/24","AD","5001","A47",10,15,20,42,644.5587303,15.34663644,0,0,0,0,0,0,0,0,0,0,0,0,0,0,0,1,0,0,0
"hilton","4/10/24","AD","5001","A48",32,47,32,130,3517.98909,27.06145454,0,0,0,2,0,0,0,0,0,0,0,0,0,0,0,1,0,0,0
"hilton","4/10/24","AD","5001","A49",70,130,51,424,15757.20456,37.16321831,0,2,0,1,0,0,0,0,0,0,0,0,0,0,3,49,0,0,0
"hilton","4/10/24","AD","5001","A50",82,104,66,315,17515.66844,55.60529663,0,1,0,28,0,3,0,0,0,0,0,0,0,0,1,12,1,0,0
"hilton","4/10/24","AD","5001","A51",25,30,24,80,1809.900969,22.62376211,0,0,0,2,0,0,0,0,0,0,0,0,0,0,2,1,0,0,0
"hilton","4/10/24","AD","5001","A52",36,39,30,113,3131.814955,27.71517659,0,0,0,0,0,0,0,0,0,0,0,0,0,0,0,1,0,0,0
"hilton","4/10/24","AD","5001","A53",42,50,37,149,4734.876575,31.77769514,0,0,0,0,0,0,0,0,0,0,0,0,0,0,0,1,0,0,0
"hilton","4/10/24","AD","5001","A54",48,52,38,167,5342.7682,31.99262395,0,0,0,0,0,0,0,0,0,0,0,0,0,0,0,1,0,0,0
"hilton","4/10/24","AD","5001","A55",59,60,40,193,6874.993835,35.62172972,0,0,0,0,0,0,0,0,0,0,0,0,0,0,0,1,0,0,0
"hilton","4/10/24","AD","5001","A56",23,34,23,93,1825.774441,19.63198323,0,0,0,0,0,0,0,0,0,0,0,0,0,0,0,3,0,0,0
"hilton","4/10/24","AD","5001","A57",33,40,30,126,3034.481602,24.08318732,0,0,0,1,0,0,0,0,0,0,0,0,0,0,0,5,0,0,0
"hilton","4/10/24","AD","5001","A58",74,120,43,323,13536.0095,41.90715015,0,0,0,2,0,0,0,0,0,0,0,0,0,0,2,15,0,0,0
"hilton","4/10/24","AD","5001","A59",59,60,41,180,7006.366276,38.92425709,0,2,0,4,0,1,0,0,0,0,0,0,0,0,0,5,1,0,0
"hilton","4/10/24","AD","5001","A60",75,80,83,262,17103.77224,65.28157344,0,0,0,0,0,0,0,0,0,0,0,0,0,0,0,8,1,0,0
"hilton","4/10/24","AD","5001","A61",105,159,55,395,24166.846,61.18188861,0,1,0,17,0,0,0,0,0,0,0,0,0,0,1,7,2,0,0
"hilton","4/10/24","AD","5001","A62",105,105,43,359,15271.99655,42.54038036,0,0,0,10,0,0,0,0,0,0,0,0,0,0,1,27,0,0,0
"hilton","4/10/24","AD","5001","A63",190,260,66,765,58273.40269,76.1743826,0,2,0,26,0,15,0,0,0,2,0,1,0,0,4,26,5,0,0
"hilton","4/10/24","AD","5001","A64",105,120,66,380,22208.19761,58.44262529,0,3,0,6,0,0,0,0,0,0,0,0,0,0,1,15,5,0,0
"hilton","4/10/24","AD","5001","A65",139,240,73,660,47154.34037,71.44597025,0,1,0,23,0,13,0,0,0,2,0,1,0,0,4,29,8,0,0
"hilton","4/10/24","AD","5001","A66",113,130,82,380,28752.64073,75.66484402,0,1,0,3,0,5,0,0,0,0,0,0,0,0,3,24,3,0,0
"hilton","4/10/24","AD","5001","A67",55,74,32,207,6482.521274,31.3165279,0,0,0,1,0,0,0,0,0,0,0,0,0,0,0,4,0,0,0
"hilton","4/10/24","LM","5001","L33",33,52,28,125,3452.693449,27.62154759,0,0,0,1,0,0,0,0,0,0,0,0,0,0,0,2,0,0,0
"hilton","4/10/24","LM","5001","L34",49,58,35,145,5444.046492,37.54514822,0,0,0,3,0,0,0,0,0,0,0,0,0,0,0,3,0,0,0
"hilton","4/10/24","LM","5001","L35",65,68,36,222,7332.163718,33.0277645,0,0,0,2,0,0,0,0,0,0,0,0,0,0,0,7,0,0,0
"hilton","4/10/24","LM","5001","L36",52,89,47,220,9588.897629,43.58589831,0,0,0,4,0,0,0,0,0,0,0,0,0,0,0,11,0,0,0
"hilton","4/10/24","LM","5001","L37",27,42,29,105,2769.415656,26.3753872,0,0,0,0,0,0,0,0,0,1,0,1,0,0,0,1,0,0,0
"hilton","4/10/24","LM","5001","L38",32,39,22,106,2301.439674,21.71169503,0,0,0,0,0,0,0,0,0,0,0,0,0,0,0,1,0,0,0
"hilton","4/10/24","LM","5001","L39",95,100,55,300,16223.17851,54.07726169,0,0,0,4,0,0,0,0,0,1,0,1,0,0,2,15,6,0,0
"hilton","4/10/24","LM","5001","L40",39,76,30,179,5289.074868,29.54790429,0,0,0,0,0,1,0,0,0,0,0,0,0,0,0,5,2,0,0
"hilton","4/10/24","LM","5001","L41",115,160,75,450,31438.63132,69.86362517,0,3,0,4,0,0,0,0,0,2,0,0,0,0,3,21,0,0,0
"hilton","4/10/24","LM","5001","L42",55,65,47,160,7884.349944,49.27718715,0,0,0,0,0,0,0,0,0,0,0,0,0,0,0,1,0,0,0
"hilton","4/10/24","LM","5001","L43",96,108,73,315,21205.39068,67.31870057,0,1,0,3,0,0,0,0,0,2,0,2,0,0,1,4,3,0,0
"hilton","4/10/24","LM","5001","L44",40,48,7,124,1812.258362,14.61498679,0,0,0,0,0,0,0,0,0,0,0,0,0,0,0,5,0,0,0
"hilton","4/10/24","LM","5001","L45",62,78,30,210,6956.930245,33.12823926,0,0,0,0,0,0,0,0,0,0,0,0,0,0,0,4,0,0,0
"hilton","4/10/24","LM","5001","L46",40,92,19,250,4715.161924,18.8606477,0,0,0,0,0,1,0,0,0,0,0,0,0,0,0,11,0,0,0
"hilton","4/10/24","LM","5001","L47",130,140,70,375,29332.6277,78.22034052,0,0,0,0,0,0,0,0,0,0,0,0,0,0,0,11,1,0,0
"hilton","4/10/24","LM","5001","L48",33,36,5,90,1095.499543,12.17221715,0,0,0,0,0,0,0,0,0,0,0,0,0,0,0,1,0,0,0
"hilton","4/10/24","LM","5001","L49",42,60,30,140,4566.097124,32.61497945,0,0,0,3,0,0,0,0,0,0,0,0,0,0,2,3,0,0,0
"hilton","4/10/24","LM","5001","L50",35,55,23,135,3209.682758,23.77542784,0,0,0,0,0,0,0,0,0,0,0,0,0,0,0,3,0,0,0
"hilton","4/10/24","LM","5001","L51",48,95,24,215,6126.810522,28.49679313,0,0,0,0,0,0,0,0,0,0,0,0,0,0,0,8,0,0,0
"hilton","4/10/24","LM","5001","L52",45,62,30,180,4854.920755,26.97178197,0,0,0,1,0,0,0,0,0,0,0,0,0,0,0,2,0,0,0
"hilton","4/10/24","LM","5001","L53",145,205,90,500,48859.20752,97.71841505,0,1,0,16,0,4,0,0,0,1,0,0,0,0,4,15,2,0,0
"MRB_west","4/10/24","AD","6001","A68",135,139,106,435,40686.92136,93.53315254,0,2,0,50,0,6,0,0,0,1,0,0,0,0,8,28,8,0,0
"MRB_west","4/10/24","AD","6001","A69",252,295,132,820,114683.8775,139.8583872,0,7,0,64,3,45,0,0,0,13,0,4,2,0,36,86,15,0,0
"MRB_west","4/10/24","AD","6001","A70",92,109,65,316,19045.42469,60.2703313,0,5,0,19,0,4,0,0,0,1,0,0,0,0,7,11,8,0,0
"MRB_west","4/10/24","AD","6001","A71",40,75,32,155,5551.099434,35.81354473,0,1,0,3,0,0,0,0,0,0,0,0,0,0,1,1,0,0,0
"MRB_west","4/10/24","AD","6001","A72",180,219,82,600,55132.93054,91.88821757,0,5,1,44,0,16,0,0,0,2,0,0,0,0,21,15,10,0,0
"MRB_west","4/10/24","LM","6001","L54",45,50,35,120,4705.083671,39.20903059,0,2,0,0,0,0,0,0,0,0,0,0,0,0,2,0,0,0,0
"MRB_west","4/10/24","LM","6001","L55",83,92,63,230,15678.2513,68.16631,0,4,0,2,0,0,0,0,0,0,0,0,0,0,6,2,3,0,0
"MRB_west","4/10/24","LM","6001","L56",210,320,150,920,119774.9535,130.1901669,0,5,0,9,0,4,0,0,0,6,0,2,0,0,26,11,7,0,0
"MRB_west","4/10/24","LM","6001","L57",85,105,60,310,16715.14952,53.91983715,0,0,0,12,0,0,0,0,0,0,0,0,0,0,5,5,5,0,0
"MRB_west","4/10/24","LM","6001","L58",155,160,80,480,39377.33126,82.03610679,0,1,0,37,0,5,0,0,0,2,0,1,0,0,14,14,6,0,0
"hilton","4/11/24","AD","5002","A73",123,290,48,923,41345.49544,44.79468629,0,3,0,34,0,7,0,0,0,1,0,1,0,0,5,64,4,0,0
"hilton","4/11/24","AD","5002","A74",48,57,40,173,5903.540665,34.12451251,0,0,0,0,0,0,0,0,0,0,0,0,0,0,0,1,0,0,0
"hilton","4/11/24","AD","5002","A75",39,43,40,116,4417.259559,38.07982378,0,0,0,0,0,0,0,0,0,0,0,0,0,0,4,16,0,0,0
"hilton","4/11/24","AD","5002","A76",34,40,20,113,2266.156369,20.05448114,0,1,0,2,0,0,0,0,0,0,0,0,0,0,0,2,0,0,0
"hilton","4/11/24","AD","5002","A77",55,57,50,181,7644.142535,42.23283169,0,0,0,0,0,0,0,0,0,0,0,0,0,0,0,2,0,0,0
"hilton","4/11/24","AD","5002","A78",80,87,41,265,10818.4193,40.82422379,0,0,0,0,0,0,0,0,0,0,0,0,0,0,0,3,0,0,0
"hilton","4/11/24","AD","5002","A79",32,60,27,174,3697.814569,21.25180787,0,0,0,0,0,0,0,0,0,0,0,0,0,0,0,8,0,0,0
"hilton","4/11/24","AD","5002","A80",100,164,47,455,21919.23802,48.1741495,0,0,0,6,0,0,0,0,0,0,0,0,0,0,2,12,0,0,0
"hilton","4/11/24","AD","5002","A81",68,73,55,218,10846.58889,49.75499491,0,0,0,2,0,0,0,0,0,0,0,0,0,0,1,2,0,0,0
"hilton","4/11/24","AD","5002","A82",47,58,28,162,4518.2026,27.8901395,0,0,0,0,0,0,0,0,0,0,0,0,0,0,0,3,0,0,0
"hilton","4/11/24","AD","5002","A83",48,55,33,163,4966.560512,30.4696964,0,0,0,0,0,0,0,0,0,0,0,0,0,0,1,1,0,0,0
"hilton","4/11/24","AD","5002","A84",34,36,29,113,2807.12169,24.84178487,0,0,0,0,0,0,0,0,0,0,0,0,0,0,0,1,0,0,0
"hilton","4/11/24","AD","5002","A85",68,73,50,222,10058.48637,45.30849718,0,2,0,5,0,0,0,0,0,0,0,0,0,0,1,6,0,0,0
"hilton","4/11/24","AD","5002","A86",20,30,25,82,1685.187335,20.55106506,0,0,0,0,0,0,0,0,0,0,0,0,0,0,0,1,0,0,0
"hilton","4/11/24","AD","5002","A87",47,54,23,150,3767.055266,25.11370178,0,1,0,0,0,0,0,0,0,0,0,0,0,0,2,6,0,0,0
"hilton","4/11/24","AD","5002","A88",40,58,40,159,5446.999988,34.25786156,0,0,0,0,0,0,0,0,0,0,0,0,0,0,0,1,0,0,0
"hilton","4/11/24","AD","5002","A89",49,69,28,179,5260.453035,29.38800578,0,0,0,4,0,0,0,0,0,0,0,0,0,0,2,6,3,0,0
"hilton","4/11/24","AD","5002","A90",65,109,35,278,10223.11563,36.77379722,0,0,0,2,0,0,0,0,0,0,0,0,0,0,0,8,1,0,0
"hilton","4/11/24","AD","5002","A91",130,140,64,391,27637.62126,70.68445336,0,4,0,21,0,9,0,0,0,0,0,0,0,0,4,43,3,0,0
"hilton","4/11/24","AD","5002","A92",70,84,67,239,14154.45707,59.22366976,0,3,0,0,0,1,0,0,0,0,0,0,0,0,3,21,1,0,0
"hilton","4/11/24","AD","5002","A93",72,119,35,305,11659.07566,38.22647759,0,2,0,6,0,1,0,0,0,0,0,0,0,0,1,14,2,0,0
"hilton","4/11/24","AD","5002","A94",74,75,55,198,11590.85466,58.53966999,0,0,0,0,0,0,0,0,0,0,0,0,0,0,0,2,0,0,0
"hilton","4/11/24","AD","5002","A95",74,145,65,380,21124.54715,55.59091354,0,0,0,0,0,2,0,0,0,0,0,0,0,0,0,14,0,0,0
"hilton","4/11/24","AD","5002","A96",57,77,33,207,6960.178945,33.62405288,0,0,0,0,0,2,0,0,0,0,0,0,0,0,0,19,2,0,0
"hilton","4/11/24","LM","5002","L59",29,41,33,90,3135.74161,34.84157344,0,0,0,1,0,0,0,0,0,0,0,0,0,0,0,2,0,0,0
"hilton","4/11/24","LM","5002","L60",37,48,32,115,3833.725079,33.33673981,0,0,0,0,0,0,0,0,0,0,0,0,0,0,1,3,0,0,0
"hilton","4/11/24","LM","5002","L61",45,63,33,166,5266.525348,31.72605631,0,0,0,2,0,0,0,0,0,0,0,0,0,0,1,5,0,0,0
"hilton","4/11/24","LM","5002","L62",55,57,43,165,6756.879899,40.95078727,0,0,0,0,0,0,0,0,0,0,0,0,0,0,0,11,0,0,0
"hilton","4/11/24","LM","5002","L63",39,50,30,148,3853.620511,26.03797643,0,0,0,0,0,0,0,0,0,0,0,0,0,0,0,11,0,0,0
"hilton","4/11/24","LM","5002","L64",49,90,36,232,7698.677886,33.1839564,0,0,0,2,0,4,0,0,0,0,0,0,0,0,6,10,2,0,0
"hilton","4/11/24","LM","5002","L65",35,48,35,120,4011.379368,33.4281614,0,0,0,11,0,0,0,0,0,0,0,0,0,0,0,12,0,0,0
"hilton","4/11/24","LM","5002","L66",33,44,26,122,2888.334007,23.67486891,0,1,0,1,0,0,0,0,0,0,0,0,0,0,0,5,0,0,0
"hilton","4/11/24","LM","5002","L67",34,40,26,114,2750.860231,24.13035291,0,0,0,0,0,0,0,0,0,0,0,0,0,0,0,1,0,0,0
"hilton","4/11/24","LM","5002","L68",67,102,44,255,11473.60494,44.99452916,0,0,0,0,0,1,0,0,0,0,0,0,0,0,0,8,0,0,0
"hilton","4/11/24","LM","5002","L69",60,76,60,210,11173.55935,53.20742547,0,1,0,0,0,0,0,0,0,0,0,0,0,0,0,3,0,0,0
"hilton","4/11/24","LM","5002","L70",57,60,20,170,4286.55777,25.21504571,0,0,0,0,0,0,0,0,0,1,0,1,0,0,0,5,1,0,0
"hilton","4/11/24","LM","5002","L71",105,167,50,450,23743.85053,52.76411229,0,0,0,0,0,0,0,0,0,0,0,0,0,0,0,22,0,0,0
"hilton","4/11/24","LM","5002","L72",36,58,32,133,4332.544359,32.57552149,0,0,0,0,0,0,0,0,0,0,0,0,0,0,0,1,0,0,0
"hilton","4/11/24","LM","5002","L73",85,89,37,245,10723.54607,43.76957581,0,0,0,0,0,0,0,0,0,0,0,0,0,0,1,9,0,0,0
"hilton","4/11/24","LM","5002","L74",47,83,34,213,6788.170109,31.86934324,0,0,0,0,0,0,0,0,0,0,0,0,0,0,1,12,0,0,0
"MRB_west","4/11/24","LM","6002","L75",105,127,83,390,27423.73562,70.31727081,0,2,0,26,0,9,0,0,0,2,0,0,0,0,4,20,14,0,1
"MRB_west","4/11/24","LM","6002","L76",45,48,40,165,5110.163359,30.97068702,0,0,0,7,0,0,0,0,0,0,0,0,0,0,2,0,1,0,0
"MRB_west","4/11/24","LM","6002","L77",94,100,55,310,16115.5301,51.98558096,0,2,0,9,0,7,0,0,0,0,0,0,0,0,5,13,3,0,0
"MRB_west","4/11/24","LM","6002","L78",105,170,83,446,33796.87885,75.77775527,0,0,0,14,2,11,0,0,0,0,0,0,0,0,7,13,8,0,0
"MRB_west","4/11/24","LM","6002","L79",18,19,15,45,770.5266064,17.12281348,0,0,0,0,0,0,0,0,0,0,0,0,0,0,0,1,0,0,0
"MRB_west","4/11/24","LM","6002","L80",25,15,20,50,1081.542887,21.63085774,0,0,0,0,0,0,0,0,0,0,0,0,0,0,0,1,0,0,0
"MRB_west","4/11/24","LM","6002","L81",12,13,4,20,189.1872442,9.45936221,0,0,0,0,0,0,0,0,0,0,0,0,0,0,0,1,0,0,0
"MRB_west","4/11/24","LM","6002","L82",42,20,50,140,4067.341948,29.05244249,0,0,0,0,0,0,0,0,0,0,0,0,0,0,0,1,0,0,0
"MRB_west","4/11/24","LM","6002","L83",55,70,47,210,8281.909279,39.43766323,0,1,0,8,0,0,0,1,0,1,0,1,0,0,1,12,2,0,0
"MRB_west","4/11/24","AD","6002","A97",85,148,82,440,27339.96501,62.13628411,0,0,0,17,0,4,0,0,0,0,0,0,0,0,3,6,13,0,0
"MRB_west","4/11/24","AD","6002","A98",139,153,77,473,34704.31502,73.37064486,0,0,0,15,0,0,0,0,0,0,0,0,0,0,10,38,1,0,0
"MRB_west","4/11/24","AD","6002","A99",118,220,87,534,45302.00386,84.83521322,0,3,0,35,0,4,0,0,0,2,0,1,0,0,7,14,2,0,0
"MRB_west","4/11/24","AD","6002","A100",212,223,95,625,68123.43087,108.9974894,0,1,1,12,0,8,0,0,0,1,0,0,0,0,9,68,3,0,0
"MRB_west","4/11/24","AD","6002","A101",104,165,67,387,28160.46897,72.7660697,0,2,0,17,0,7,0,0,0,1,0,0,0,0,11,15,2,0,0
"MRB_west","4/11/24","AD","6002","A102",150,255,81,642,55148.81633,85.90158306,0,5,0,20,0,7,0,0,0,1,0,0,0,0,13,8,3,0,0
"MRB_west","4/11/24","AD","6002","A103",69,70,32,205,7190.357956,35.07491686,0,0,0,3,0,0,0,0,0,1,0,0,0,0,0,6,2,0,0
"MRB_west","4/11/24","AD","6002","A104",110,135,60,380,23217.9858,61.09996264,0,1,0,44,0,10,0,0,0,1,0,0,0,0,4,8,6,0,0
